,date,value
0,2012-12-31,13104.14
1,2013-01-01,
2,2013-01-02,13412.55
3,2013-01-03,13391.36
4,2013-01-04,13435.21
5,2013-01-07,13384.29
6,2013-01-08,13328.85
7,2013-01-09,13390.51
8,2013-01-10,13471.22
9,2013-01-11,13488.43
10,2013-01-14,13507.32
11,2013-01-15,13534.89
12,2013-01-16,13511.23
13,2013-01-17,13596.02
14,2013-01-18,13649.7
15,2013-01-21,
16,2013-01-22,13712.21
17,2013-01-23,13779.33
18,2013-01-24,13825.33
19,2013-01-25,13895.98
20,2013-01-28,13881.93
21,2013-01-29,13954.42
22,2013-01-30,13910.42
23,2013-01-31,13860.58
24,2013-02-01,14009.79
25,2013-02-04,13880.08
26,2013-02-05,13979.3
27,2013-02-06,13986.52
28,2013-02-07,13944.05
29,2013-02-08,13992.97
30,2013-02-11,13971.24
31,2013-02-12,14018.7
32,2013-02-13,13982.91
33,2013-02-14,13973.39
34,2013-02-15,13981.76
35,2013-02-18,
36,2013-02-19,14035.67
37,2013-02-20,13927.54
38,2013-02-21,13880.62
39,2013-02-22,14000.57
40,2013-02-25,13784.17
41,2013-02-26,13900.13
42,2013-02-27,14075.37
43,2013-02-28,14054.49
44,2013-03-01,14089.66
45,2013-03-04,14127.82
46,2013-03-05,14253.77
47,2013-03-06,14296.24
48,2013-03-07,14329.49
49,2013-03-08,14397.07
50,2013-03-11,14447.29
51,2013-03-12,14450.06
52,2013-03-13,14455.28
53,2013-03-14,14539.14
54,2013-03-15,14514.11
55,2013-03-18,14452.06
56,2013-03-19,14455.82
57,2013-03-20,14511.73
58,2013-03-21,14421.49
59,2013-03-22,14512.03
60,2013-03-25,14447.75
61,2013-03-26,14559.65
62,2013-03-27,14526.16
63,2013-03-28,14578.54
64,2013-03-29,
65,2013-04-01,14572.85
66,2013-04-02,14662.01
67,2013-04-03,14550.35
68,2013-04-04,14606.11
69,2013-04-05,14565.25
70,2013-04-08,14613.48
71,2013-04-09,14673.46
72,2013-04-10,14802.24
73,2013-04-11,14865.14
74,2013-04-12,14865.06
75,2013-04-15,14599.2
76,2013-04-16,14756.78
77,2013-04-17,14618.59
78,2013-04-18,14537.14
79,2013-04-19,14547.51
80,2013-04-22,14567.17
81,2013-04-23,14719.46
82,2013-04-24,14676.3
83,2013-04-25,14700.8
84,2013-04-26,14712.55
85,2013-04-29,14818.75
86,2013-04-30,14839.8
87,2013-05-01,14700.95
88,2013-05-02,14831.58
89,2013-05-03,14973.96
90,2013-05-06,14968.89
91,2013-05-07,15056.2
92,2013-05-08,15105.12
93,2013-05-09,15082.62
94,2013-05-10,15118.49
95,2013-05-13,15091.68
96,2013-05-14,15215.25
97,2013-05-15,15275.69
98,2013-05-16,15233.22
99,2013-05-17,15354.4
100,2013-05-20,15335.28
101,2013-05-21,15387.58
102,2013-05-22,15307.17
103,2013-05-23,15294.5
104,2013-05-24,15303.1
105,2013-05-27,
106,2013-05-28,15409.39
107,2013-05-29,15302.8
108,2013-05-30,15324.53
109,2013-05-31,15115.57
110,2013-06-03,15254.03
111,2013-06-04,15177.54
112,2013-06-05,14960.59
113,2013-06-06,15040.62
114,2013-06-07,15248.12
115,2013-06-10,15238.59
116,2013-06-11,15122.02
117,2013-06-12,14995.23
118,2013-06-13,15176.08
119,2013-06-14,15070.18
120,2013-06-17,15179.85
121,2013-06-18,15318.23
122,2013-06-19,15112.19
123,2013-06-20,14758.32
124,2013-06-21,14799.4
125,2013-06-24,14659.56
126,2013-06-25,14760.31
127,2013-06-26,14910.14
128,2013-06-27,15024.49
129,2013-06-28,14909.6
130,2013-07-01,14974.96
131,2013-07-02,14932.41
132,2013-07-03,14988.55
133,2013-07-04,
134,2013-07-05,15135.84
135,2013-07-08,15224.69
136,2013-07-09,15300.34
137,2013-07-10,15291.66
138,2013-07-11,15460.92
139,2013-07-12,15464.3
140,2013-07-15,15484.26
141,2013-07-16,15451.85
142,2013-07-17,15470.52
143,2013-07-18,15548.54
144,2013-07-19,15543.74
145,2013-07-22,15545.55
146,2013-07-23,15567.74
147,2013-07-24,15542.24
148,2013-07-25,15555.61
149,2013-07-26,15558.83
150,2013-07-29,15521.97
151,2013-07-30,15520.59
152,2013-07-31,15499.54
153,2013-08-01,15628.02
154,2013-08-02,15658.36
155,2013-08-05,15612.13
156,2013-08-06,15518.74
157,2013-08-07,15470.67
158,2013-08-08,15498.32
159,2013-08-09,15425.51
160,2013-08-12,15419.68
161,2013-08-13,15451.01
162,2013-08-14,15337.66
163,2013-08-15,15112.19
164,2013-08-16,15081.47
165,2013-08-19,15010.74
166,2013-08-20,15002.99
167,2013-08-21,14897.55
168,2013-08-22,14963.74
169,2013-08-23,15010.51
170,2013-08-26,14946.46
171,2013-08-27,14776.13
172,2013-08-28,14824.51
173,2013-08-29,14840.95
174,2013-08-30,14810.31
175,2013-09-02,
176,2013-09-03,14833.96
177,2013-09-04,14930.87
178,2013-09-05,14937.48
179,2013-09-06,14922.5
180,2013-09-09,15063.12
181,2013-09-10,15191.06
182,2013-09-11,15326.6
183,2013-09-12,15300.64
184,2013-09-13,15376.06
185,2013-09-16,15494.78
186,2013-09-17,15529.73
187,2013-09-18,15676.94
188,2013-09-19,15636.55
189,2013-09-20,15451.09
190,2013-09-23,15401.38
191,2013-09-24,15334.59
192,2013-09-25,15273.26
193,2013-09-26,15328.3
194,2013-09-27,15258.24
195,2013-09-30,15129.67
196,2013-10-01,15191.7
197,2013-10-02,15133.14
198,2013-10-03,14996.48
199,2013-10-04,15072.58
200,2013-10-07,14936.24
201,2013-10-08,14776.53
202,2013-10-09,14802.98
203,2013-10-10,15126.07
204,2013-10-11,15237.11
205,2013-10-14,15301.26
206,2013-10-15,15168.01
207,2013-10-16,15373.83
208,2013-10-17,15371.65
209,2013-10-18,15399.65
210,2013-10-21,15392.2
211,2013-10-22,15467.66
212,2013-10-23,15413.33
213,2013-10-24,15509.21
214,2013-10-25,15570.28
215,2013-10-28,15568.93
216,2013-10-29,15680.35
217,2013-10-30,15618.76
218,2013-10-31,15545.75
219,2013-11-01,15615.55
220,2013-11-04,15639.12
221,2013-11-05,15618.22
222,2013-11-06,15746.88
223,2013-11-07,15593.98
224,2013-11-08,15761.78
225,2013-11-11,15783.1
226,2013-11-12,15750.67
227,2013-11-13,15821.63
228,2013-11-14,15876.22
229,2013-11-15,15961.7
230,2013-11-18,15976.02
231,2013-11-19,15967.03
232,2013-11-20,15900.82
233,2013-11-21,16009.99
234,2013-11-22,16064.77
235,2013-11-25,16072.54
236,2013-11-26,16072.8
237,2013-11-27,16097.33
238,2013-11-28,
239,2013-11-29,16086.41
240,2013-12-02,16008.77
241,2013-12-03,15914.62
242,2013-12-04,15889.77
243,2013-12-05,15821.51
244,2013-12-06,16020.2
245,2013-12-09,16025.53
246,2013-12-10,15973.13
247,2013-12-11,15843.53
248,2013-12-12,15739.43
249,2013-12-13,15755.36
250,2013-12-16,15884.57
251,2013-12-17,15875.26
252,2013-12-18,16167.97
253,2013-12-19,16179.08
254,2013-12-20,16221.14
255,2013-12-23,16294.61
256,2013-12-24,16357.55
257,2013-12-25,
258,2013-12-26,16479.88
259,2013-12-27,16478.41
260,2013-12-30,16504.29
261,2013-12-31,16576.66
262,2014-01-01,
263,2014-01-02,16441.35
264,2014-01-03,16469.99
265,2014-01-06,16425.1
266,2014-01-07,16530.94
267,2014-01-08,16462.74
268,2014-01-09,16444.76
269,2014-01-10,16437.05
270,2014-01-13,16257.94
271,2014-01-14,16373.86
272,2014-01-15,16481.94
273,2014-01-16,16417.01
274,2014-01-17,16458.56
275,2014-01-20,
276,2014-01-21,16414.44
277,2014-01-22,16373.34
278,2014-01-23,16197.35
279,2014-01-24,15879.11
280,2014-01-27,15837.88
281,2014-01-28,15928.56
282,2014-01-29,15738.79
283,2014-01-30,15848.61
284,2014-01-31,15698.85
285,2014-02-03,15372.8
286,2014-02-04,15445.24
287,2014-02-05,15440.23
288,2014-02-06,15628.53
289,2014-02-07,15794.08
290,2014-02-10,15801.79
291,2014-02-11,15994.77
292,2014-02-12,15963.94
293,2014-02-13,16027.59
294,2014-02-14,16154.39
295,2014-02-17,
296,2014-02-18,16130.4
297,2014-02-19,16040.56
298,2014-02-20,16133.23
299,2014-02-21,16103.3
300,2014-02-24,16207.14
301,2014-02-25,16179.66
302,2014-02-26,16198.41
303,2014-02-27,16272.65
304,2014-02-28,16321.71
305,2014-03-03,16168.03
306,2014-03-04,16395.88
307,2014-03-05,16360.18
308,2014-03-06,16421.89
309,2014-03-07,16452.72
310,2014-03-10,16418.68
311,2014-03-11,16351.25
312,2014-03-12,16340.08
313,2014-03-13,16108.89
314,2014-03-14,16065.67
315,2014-03-17,16247.22
316,2014-03-18,16336.19
317,2014-03-19,16222.17
318,2014-03-20,16331.05
319,2014-03-21,16302.77
320,2014-03-24,16276.69
321,2014-03-25,16367.88
322,2014-03-26,16268.99
323,2014-03-27,16264.23
324,2014-03-28,16323.06
325,2014-03-31,16457.66
326,2014-04-01,16532.61
327,2014-04-02,16573.0
328,2014-04-03,16572.55
329,2014-04-04,16412.71
330,2014-04-07,16245.87
331,2014-04-08,16256.14
332,2014-04-09,16437.18
333,2014-04-10,16170.22
334,2014-04-11,16026.75
335,2014-04-14,16173.24
336,2014-04-15,16262.56
337,2014-04-16,16424.85
338,2014-04-17,16408.54
339,2014-04-18,
340,2014-04-21,16449.25
341,2014-04-22,16514.37
342,2014-04-23,16501.65
343,2014-04-24,16501.65
344,2014-04-25,16361.46
345,2014-04-28,16448.74
346,2014-04-29,16535.37
347,2014-04-30,16580.84
348,2014-05-01,16558.87
349,2014-05-02,16512.89
350,2014-05-05,16530.55
351,2014-05-06,16401.02
352,2014-05-07,16518.54
353,2014-05-08,16550.97
354,2014-05-09,16583.34
355,2014-05-12,16695.47
356,2014-05-13,16715.44
357,2014-05-14,16613.97
358,2014-05-15,16446.81
359,2014-05-16,16491.31
360,2014-05-19,16511.86
361,2014-05-20,16374.31
362,2014-05-21,16533.06
363,2014-05-22,16543.08
364,2014-05-23,16606.27
365,2014-05-26,
366,2014-05-27,16675.5
367,2014-05-28,16633.18
368,2014-05-29,16698.74
369,2014-05-30,16717.17
370,2014-06-02,16743.63
371,2014-06-03,16722.34
372,2014-06-04,16737.53
373,2014-06-05,16836.11
374,2014-06-06,16924.28
375,2014-06-09,16943.1
376,2014-06-10,16945.92
377,2014-06-11,16843.88
378,2014-06-12,16734.19
379,2014-06-13,16775.74
380,2014-06-16,16781.01
381,2014-06-17,16808.49
382,2014-06-18,16906.62
383,2014-06-19,16921.46
384,2014-06-20,16947.08
385,2014-06-23,16937.26
386,2014-06-24,16818.13
387,2014-06-25,16867.51
388,2014-06-26,16846.13
389,2014-06-27,16851.84
390,2014-06-30,16826.6
391,2014-07-01,16956.07
392,2014-07-02,16976.24
393,2014-07-03,17068.26
394,2014-07-04,
395,2014-07-07,17024.21
396,2014-07-08,16906.62
397,2014-07-09,16985.61
398,2014-07-10,16915.07
399,2014-07-11,16943.81
400,2014-07-14,17055.42
401,2014-07-15,17060.68
402,2014-07-16,17138.2
403,2014-07-17,16976.81
404,2014-07-18,17100.18
405,2014-07-21,17051.73
406,2014-07-22,17113.54
407,2014-07-23,17086.63
408,2014-07-24,17083.8
409,2014-07-25,16960.57
410,2014-07-28,16982.59
411,2014-07-29,16912.11
412,2014-07-30,16880.36
413,2014-07-31,16563.3
414,2014-08-01,16493.37
415,2014-08-04,16569.28
416,2014-08-05,16429.47
417,2014-08-06,16443.34
418,2014-08-07,16368.27
419,2014-08-08,16553.93
420,2014-08-11,16569.98
421,2014-08-12,16560.54
422,2014-08-13,16651.8
423,2014-08-14,16713.58
424,2014-08-15,16662.91
425,2014-08-18,16838.74
426,2014-08-19,16919.59
427,2014-08-20,16979.13
428,2014-08-21,17039.49
429,2014-08-22,17001.22
430,2014-08-25,17076.87
431,2014-08-26,17106.7
432,2014-08-27,17122.01
433,2014-08-28,17079.57
434,2014-08-29,17098.45
435,2014-09-01,
436,2014-09-02,17067.56
437,2014-09-03,17078.28
438,2014-09-04,17069.58
439,2014-09-05,17137.36
440,2014-09-08,17111.42
441,2014-09-09,17013.87
442,2014-09-10,17068.71
443,2014-09-11,17049.0
444,2014-09-12,16987.51
445,2014-09-15,17031.14
446,2014-09-16,17131.97
447,2014-09-17,17156.85
448,2014-09-18,17265.99
449,2014-09-19,17279.74
450,2014-09-22,17172.68
451,2014-09-23,17055.87
452,2014-09-24,17210.06
453,2014-09-25,16945.8
454,2014-09-26,17113.15
455,2014-09-29,17071.22
456,2014-09-30,17042.9
457,2014-10-01,16804.71
458,2014-10-02,16801.05
459,2014-10-03,17009.69
460,2014-10-06,16991.91
461,2014-10-07,16719.39
462,2014-10-08,16994.22
463,2014-10-09,16659.25
464,2014-10-10,16544.1
465,2014-10-13,16321.07
466,2014-10-14,16315.19
467,2014-10-15,16141.74
468,2014-10-16,16117.24
469,2014-10-17,16380.41
470,2014-10-20,16399.67
471,2014-10-21,16614.81
472,2014-10-22,16461.32
473,2014-10-23,16677.9
474,2014-10-24,16805.41
475,2014-10-27,16817.94
476,2014-10-28,17005.75
477,2014-10-29,16974.31
478,2014-10-30,17195.42
479,2014-10-31,17390.52
480,2014-11-03,17366.24
481,2014-11-04,17383.84
482,2014-11-05,17484.53
483,2014-11-06,17554.47
484,2014-11-07,17573.93
485,2014-11-10,17613.74
486,2014-11-11,17614.9
487,2014-11-12,17612.2
488,2014-11-13,17652.79
489,2014-11-14,17634.74
490,2014-11-17,17647.75
491,2014-11-18,17687.82
492,2014-11-19,17685.73
493,2014-11-20,17719.0
494,2014-11-21,17810.06
495,2014-11-24,17817.9
496,2014-11-25,17814.94
497,2014-11-26,17827.75
498,2014-11-27,
499,2014-11-28,17828.24
500,2014-12-01,17776.8
501,2014-12-02,17879.55
502,2014-12-03,17912.62
503,2014-12-04,17900.1
504,2014-12-05,17958.79
505,2014-12-08,17852.48
506,2014-12-09,17801.2
507,2014-12-10,17533.15
508,2014-12-11,17596.34
509,2014-12-12,17280.83
510,2014-12-15,17180.84
511,2014-12-16,17068.87
512,2014-12-17,17356.87
513,2014-12-18,17778.15
514,2014-12-19,17804.8
515,2014-12-22,17959.44
516,2014-12-23,18024.17
517,2014-12-24,18030.21
518,2014-12-25,
519,2014-12-26,18053.71
520,2014-12-29,18038.23
521,2014-12-30,17983.07
522,2014-12-31,17823.07
523,2015-01-01,
524,2015-01-02,17832.99
525,2015-01-05,17501.65
526,2015-01-06,17371.64
527,2015-01-07,17584.52
528,2015-01-08,17907.87
529,2015-01-09,17737.37
530,2015-01-12,17640.84
531,2015-01-13,17613.68
532,2015-01-14,17427.09
533,2015-01-15,17320.71
534,2015-01-16,17511.57
535,2015-01-19,
536,2015-01-20,17515.23
537,2015-01-21,17554.28
538,2015-01-22,17813.98
539,2015-01-23,17672.6
540,2015-01-26,17678.7
541,2015-01-27,17387.21
542,2015-01-28,17191.37
543,2015-01-29,17416.85
544,2015-01-30,17164.95
545,2015-02-02,17361.04
546,2015-02-03,17666.4
547,2015-02-04,17673.02
548,2015-02-05,17884.88
549,2015-02-06,17824.29
550,2015-02-09,17729.21
551,2015-02-10,17868.76
552,2015-02-11,17862.14
553,2015-02-12,17972.38
554,2015-02-13,18019.35
555,2015-02-16,
556,2015-02-17,18047.58
557,2015-02-18,18029.85
558,2015-02-19,17985.77
559,2015-02-20,18140.44
560,2015-02-23,18116.84
561,2015-02-24,18209.19
562,2015-02-25,18224.57
563,2015-02-26,18214.42
564,2015-02-27,18132.7
565,2015-03-02,18288.63
566,2015-03-03,18203.37
567,2015-03-04,18096.9
568,2015-03-05,18135.72
569,2015-03-06,17856.78
570,2015-03-09,17995.72
571,2015-03-10,17662.94
572,2015-03-11,17635.39
573,2015-03-12,17895.22
574,2015-03-13,17749.31
575,2015-03-16,17977.42
576,2015-03-17,17849.08
577,2015-03-18,18076.19
578,2015-03-19,17959.03
579,2015-03-20,18127.65
580,2015-03-23,18116.04
581,2015-03-24,18011.14
582,2015-03-25,17718.54
583,2015-03-26,17678.23
584,2015-03-27,17712.66
585,2015-03-30,17976.31
586,2015-03-31,17776.12
587,2015-04-01,17698.18
588,2015-04-02,17763.24
589,2015-04-03,
590,2015-04-06,17880.85
591,2015-04-07,17875.42
592,2015-04-08,17902.51
593,2015-04-09,17958.73
594,2015-04-10,18057.65
595,2015-04-13,17977.04
596,2015-04-14,18036.7
597,2015-04-15,18112.61
598,2015-04-16,18105.77
599,2015-04-17,17826.3
600,2015-04-20,18034.93
601,2015-04-21,17949.59
602,2015-04-22,18038.27
603,2015-04-23,18058.69
604,2015-04-24,18080.14
605,2015-04-27,18037.97
606,2015-04-28,18110.14
607,2015-04-29,18035.53
608,2015-04-30,17840.52
609,2015-05-01,18024.06
610,2015-05-04,18070.4
611,2015-05-05,17928.2
612,2015-05-06,17841.98
613,2015-05-07,17924.06
614,2015-05-08,18191.11
615,2015-05-11,18105.17
616,2015-05-12,18068.23
617,2015-05-13,18060.49
618,2015-05-14,18252.24
619,2015-05-15,18272.56
620,2015-05-18,18298.88
621,2015-05-19,18312.39
622,2015-05-20,18285.4
623,2015-05-21,18285.74
624,2015-05-22,18232.02
625,2015-05-25,
626,2015-05-26,18041.54
627,2015-05-27,18162.99
628,2015-05-28,18126.12
629,2015-05-29,18010.68
630,2015-06-01,18040.37
631,2015-06-02,18011.94
632,2015-06-03,18076.27
633,2015-06-04,17905.58
634,2015-06-05,17849.46
635,2015-06-08,17766.55
636,2015-06-09,17764.04
637,2015-06-10,18000.4
638,2015-06-11,18039.37
639,2015-06-12,17898.84
640,2015-06-15,17791.17
641,2015-06-16,17904.48
642,2015-06-17,17935.74
643,2015-06-18,18115.84
644,2015-06-19,18015.95
645,2015-06-22,18119.78
646,2015-06-23,18144.07
647,2015-06-24,17966.07
648,2015-06-25,17890.36
649,2015-06-26,17946.68
650,2015-06-29,17596.35
651,2015-06-30,17619.51
652,2015-07-01,17757.91
653,2015-07-02,17730.11
654,2015-07-03,
655,2015-07-06,17683.58
656,2015-07-07,17776.91
657,2015-07-08,17515.42
658,2015-07-09,17548.62
659,2015-07-10,17760.41
660,2015-07-13,17977.68
661,2015-07-14,18053.58
662,2015-07-15,18050.17
663,2015-07-16,18120.25
664,2015-07-17,18086.45
665,2015-07-20,18100.41
666,2015-07-21,17919.29
667,2015-07-22,17851.04
668,2015-07-23,17731.92
669,2015-07-24,17568.53
670,2015-07-27,17440.59
671,2015-07-28,17630.27
672,2015-07-29,17751.39
673,2015-07-30,17745.98
674,2015-07-31,17689.86
675,2015-08-03,17598.2
676,2015-08-04,17550.69
677,2015-08-05,17540.47
678,2015-08-06,17419.75
679,2015-08-07,17373.38
680,2015-08-10,17615.17
681,2015-08-11,17402.84
682,2015-08-12,17402.51
683,2015-08-13,17408.25
684,2015-08-14,17477.4
685,2015-08-17,17545.18
686,2015-08-18,17511.34
687,2015-08-19,17348.73
688,2015-08-20,16990.69
689,2015-08-21,16459.75
690,2015-08-24,15871.35
691,2015-08-25,15666.44
692,2015-08-26,16285.51
693,2015-08-27,16654.77
694,2015-08-28,16643.01
695,2015-08-31,16528.03
696,2015-09-01,16058.35
697,2015-09-02,16351.38
698,2015-09-03,16374.76
699,2015-09-04,16102.38
700,2015-09-07,
701,2015-09-08,16492.68
702,2015-09-09,16253.57
703,2015-09-10,16330.4
704,2015-09-11,16433.09
705,2015-09-14,16370.96
706,2015-09-15,16599.85
707,2015-09-16,16739.95
708,2015-09-17,16674.74
709,2015-09-18,16384.58
710,2015-09-21,16510.19
711,2015-09-22,16330.47
712,2015-09-23,16279.89
713,2015-09-24,16201.32
714,2015-09-25,16314.67
715,2015-09-28,16001.89
716,2015-09-29,16049.13
717,2015-09-30,16284.7
718,2015-10-01,16272.01
719,2015-10-02,16472.37
720,2015-10-05,16776.43
721,2015-10-06,16790.19
722,2015-10-07,16912.29
723,2015-10-08,17050.75
724,2015-10-09,17084.49
725,2015-10-12,17131.86
726,2015-10-13,17081.89
727,2015-10-14,16924.75
728,2015-10-15,17141.75
729,2015-10-16,17215.97
730,2015-10-19,17230.54
731,2015-10-20,17217.11
732,2015-10-21,17168.61
733,2015-10-22,17489.16
734,2015-10-23,17646.7
735,2015-10-26,17623.05
736,2015-10-27,17581.43
737,2015-10-28,17779.52
738,2015-10-29,17755.8
739,2015-10-30,17663.54
740,2015-11-02,17828.76
741,2015-11-03,17918.15
742,2015-11-04,17867.58
743,2015-11-05,17863.43
744,2015-11-06,17910.33
745,2015-11-09,17730.48
746,2015-11-10,17758.21
747,2015-11-11,17702.22
748,2015-11-12,17448.07
749,2015-11-13,17245.24
750,2015-11-16,17483.01
751,2015-11-17,17489.5
752,2015-11-18,17737.16
753,2015-11-19,17732.75
754,2015-11-20,17823.81
755,2015-11-23,17792.68
756,2015-11-24,17812.19
757,2015-11-25,17813.39
758,2015-11-26,
759,2015-11-27,17798.49
760,2015-11-30,17719.92
761,2015-12-01,17888.35
762,2015-12-02,17729.68
763,2015-12-03,17477.67
764,2015-12-04,17847.63
765,2015-12-07,17730.51
766,2015-12-08,17568.0
767,2015-12-09,17492.3
768,2015-12-10,17574.75
769,2015-12-11,17265.21
770,2015-12-14,17368.5
771,2015-12-15,17524.91
772,2015-12-16,17749.09
773,2015-12-17,17495.84
774,2015-12-18,17128.55
775,2015-12-21,17251.62
776,2015-12-22,17417.27
777,2015-12-23,17602.61
778,2015-12-24,17552.17
779,2015-12-25,
780,2015-12-28,17528.27
781,2015-12-29,17720.98
782,2015-12-30,17603.87
783,2015-12-31,17425.03
784,2016-01-01,
785,2016-01-04,17148.94
786,2016-01-05,17158.66
787,2016-01-06,16906.51
788,2016-01-07,16514.1
789,2016-01-08,16346.45
790,2016-01-11,16398.57
791,2016-01-12,16516.22
792,2016-01-13,16151.41
793,2016-01-14,16379.05
794,2016-01-15,15988.08
795,2016-01-18,
796,2016-01-19,16016.02
797,2016-01-20,15766.74
798,2016-01-21,15882.68
799,2016-01-22,16093.51
800,2016-01-25,15885.22
801,2016-01-26,16167.23
802,2016-01-27,15944.46
803,2016-01-28,16069.64
804,2016-01-29,16466.3
805,2016-02-01,16449.18
806,2016-02-02,16153.54
807,2016-02-03,16336.66
808,2016-02-04,16416.58
809,2016-02-05,16204.97
810,2016-02-08,16027.05
811,2016-02-09,16014.38
812,2016-02-10,15914.74
813,2016-02-11,15660.18
814,2016-02-12,15973.84
815,2016-02-15,
816,2016-02-16,16196.41
817,2016-02-17,16453.83
818,2016-02-18,16413.43
819,2016-02-19,16391.99
820,2016-02-22,16620.66
821,2016-02-23,16431.78
822,2016-02-24,16484.99
823,2016-02-25,16697.29
824,2016-02-26,16639.97
825,2016-02-29,16516.5
826,2016-03-01,16865.08
827,2016-03-02,16899.32
828,2016-03-03,16943.9
829,2016-03-04,17006.77
830,2016-03-07,17073.95
831,2016-03-08,16964.1
832,2016-03-09,17000.36
833,2016-03-10,16995.13
834,2016-03-11,17213.31
835,2016-03-14,17229.13
836,2016-03-15,17251.53
837,2016-03-16,17325.76
838,2016-03-17,17481.49
839,2016-03-18,17602.3
840,2016-03-21,17623.87
841,2016-03-22,17582.57
842,2016-03-23,17502.59
843,2016-03-24,17515.73
844,2016-03-25,
845,2016-03-28,17535.39
846,2016-03-29,17633.11
847,2016-03-30,17716.66
848,2016-03-31,17685.09
849,2016-04-01,17792.75
850,2016-04-04,17737.0
851,2016-04-05,17603.32
852,2016-04-06,17716.05
853,2016-04-07,17541.96
854,2016-04-08,17576.96
855,2016-04-11,17556.41
856,2016-04-12,17721.25
857,2016-04-13,17908.28
858,2016-04-14,17926.43
859,2016-04-15,17897.46
860,2016-04-18,18004.16
861,2016-04-19,18053.6
862,2016-04-20,18096.27
863,2016-04-21,17982.52
864,2016-04-22,18003.75
865,2016-04-25,17977.24
866,2016-04-26,17990.32
867,2016-04-27,18041.55
868,2016-04-28,17830.76
869,2016-04-29,17773.64
870,2016-05-02,17891.16
871,2016-05-03,17750.91
872,2016-05-04,17651.26
873,2016-05-05,17660.71
874,2016-05-06,17740.63
875,2016-05-09,17705.91
876,2016-05-10,17928.35
877,2016-05-11,17711.12
878,2016-05-12,17720.5
879,2016-05-13,17535.32
880,2016-05-16,17710.71
881,2016-05-17,17529.98
882,2016-05-18,17526.62
883,2016-05-19,17435.4
884,2016-05-20,17500.94
885,2016-05-23,17492.93
886,2016-05-24,17706.05
887,2016-05-25,17851.51
888,2016-05-26,17828.29
889,2016-05-27,17873.22
890,2016-05-30,
891,2016-05-31,17787.2
892,2016-06-01,17789.67
893,2016-06-02,17838.56
894,2016-06-03,17807.06
895,2016-06-06,17920.33
896,2016-06-07,17938.28
897,2016-06-08,18005.05
898,2016-06-09,17985.19
899,2016-06-10,17865.34
900,2016-06-13,17732.48
901,2016-06-14,17674.82
902,2016-06-15,17640.17
903,2016-06-16,17733.1
904,2016-06-17,17675.16
905,2016-06-20,17804.87
906,2016-06-21,17829.73
907,2016-06-22,17780.83
908,2016-06-23,18011.07
909,2016-06-24,17400.75
910,2016-06-27,17140.24
911,2016-06-28,17409.72
912,2016-06-29,17694.68
913,2016-06-30,17929.99
914,2016-07-01,17949.37
915,2016-07-04,
916,2016-07-05,17840.62
917,2016-07-06,17918.62
918,2016-07-07,17895.88
919,2016-07-08,18146.74
920,2016-07-11,18226.93
921,2016-07-12,18347.67
922,2016-07-13,18372.12
923,2016-07-14,18506.41
924,2016-07-15,18516.55
925,2016-07-18,18533.05
926,2016-07-19,18559.01
927,2016-07-20,18595.03
928,2016-07-21,18517.23
929,2016-07-22,18570.85
930,2016-07-25,18493.06
931,2016-07-26,18473.75
932,2016-07-27,18472.17
933,2016-07-28,18456.35
934,2016-07-29,18432.24
935,2016-08-01,18404.51
936,2016-08-02,18313.77
937,2016-08-03,18355.0
938,2016-08-04,18352.05
939,2016-08-05,18543.53
940,2016-08-08,18529.29
941,2016-08-09,18533.05
942,2016-08-10,18495.66
943,2016-08-11,18613.52
944,2016-08-12,18576.47
945,2016-08-15,18636.05
946,2016-08-16,18552.02
947,2016-08-17,18573.94
948,2016-08-18,18597.7
949,2016-08-19,18552.57
950,2016-08-22,18529.42
951,2016-08-23,18547.3
952,2016-08-24,18481.48
953,2016-08-25,18448.41
954,2016-08-26,18395.4
955,2016-08-29,18502.99
956,2016-08-30,18454.3
957,2016-08-31,18400.88
958,2016-09-01,18419.3
959,2016-09-02,18491.96
960,2016-09-05,
961,2016-09-06,18538.12
962,2016-09-07,18526.14
963,2016-09-08,18479.91
964,2016-09-09,18085.45
965,2016-09-12,18325.07
966,2016-09-13,18066.75
967,2016-09-14,18034.77
968,2016-09-15,18212.48
969,2016-09-16,18123.8
970,2016-09-19,18120.17
971,2016-09-20,18129.96
972,2016-09-21,18293.7
973,2016-09-22,18392.46
974,2016-09-23,18261.45
975,2016-09-26,18094.83
976,2016-09-27,18228.3
977,2016-09-28,18339.24
978,2016-09-29,18143.45
979,2016-09-30,18308.15
980,2016-10-03,18253.85
981,2016-10-04,18168.45
982,2016-10-05,18281.03
983,2016-10-06,18268.5
984,2016-10-07,18240.49
985,2016-10-10,18329.04
986,2016-10-11,18128.66
987,2016-10-12,18144.2
988,2016-10-13,18098.94
989,2016-10-14,18138.38
990,2016-10-17,18086.4
991,2016-10-18,18161.94
992,2016-10-19,18202.62
993,2016-10-20,18162.35
994,2016-10-21,18145.71
995,2016-10-24,18223.03
996,2016-10-25,18169.27
997,2016-10-26,18199.33
998,2016-10-27,18169.68
999,2016-10-28,18161.19
1000,2016-10-31,18142.42
1001,2016-11-01,18037.1
1002,2016-11-02,17959.64
1003,2016-11-03,17930.67
1004,2016-11-04,17888.28
1005,2016-11-07,18259.6
1006,2016-11-08,18332.74
1007,2016-11-09,18589.69
1008,2016-11-10,18807.88
1009,2016-11-11,18847.66
1010,2016-11-14,18868.69
1011,2016-11-15,18923.06
1012,2016-11-16,18868.14
1013,2016-11-17,18903.82
1014,2016-11-18,18867.93
1015,2016-11-21,18956.69
1016,2016-11-22,19023.87
1017,2016-11-23,19083.18
1018,2016-11-24,
1019,2016-11-25,19152.14
1020,2016-11-28,19097.9
1021,2016-11-29,19121.6
1022,2016-11-30,19123.58
1023,2016-12-01,19191.93
1024,2016-12-02,19170.42
1025,2016-12-05,19216.24
1026,2016-12-06,19251.78
1027,2016-12-07,19549.62
1028,2016-12-08,19614.81
1029,2016-12-09,19756.85
1030,2016-12-12,19796.43
1031,2016-12-13,19911.21
1032,2016-12-14,19792.53
1033,2016-12-15,19852.24
1034,2016-12-16,19843.41
1035,2016-12-19,19883.06
1036,2016-12-20,19974.62
1037,2016-12-21,19941.96
1038,2016-12-22,19918.88
1039,2016-12-23,19933.81
1040,2016-12-26,
1041,2016-12-27,19945.04
1042,2016-12-28,19833.68
1043,2016-12-29,19819.78
1044,2016-12-30,19762.6
1045,2017-01-02,
1046,2017-01-03,19881.76
1047,2017-01-04,19942.16
1048,2017-01-05,19899.29
1049,2017-01-06,19963.8
1050,2017-01-09,19887.38
1051,2017-01-10,19855.53
1052,2017-01-11,19954.28
1053,2017-01-12,19891.0
1054,2017-01-13,19885.73
1055,2017-01-16,
1056,2017-01-17,19826.77
1057,2017-01-18,19804.72
1058,2017-01-19,19732.4
1059,2017-01-20,19827.25
1060,2017-01-23,19799.85
1061,2017-01-24,19912.71
1062,2017-01-25,20068.51
1063,2017-01-26,20100.91
1064,2017-01-27,20093.78
1065,2017-01-30,19971.13
1066,2017-01-31,19864.09
1067,2017-02-01,19890.94
1068,2017-02-02,19884.91
1069,2017-02-03,20071.46
1070,2017-02-06,20052.42
1071,2017-02-07,20090.29
1072,2017-02-08,20054.34
1073,2017-02-09,20172.4
1074,2017-02-10,20269.37
1075,2017-02-13,20412.16
1076,2017-02-14,20504.41
1077,2017-02-15,20611.86
1078,2017-02-16,20619.77
1079,2017-02-17,20624.05
1080,2017-02-20,
1081,2017-02-21,20743.0
1082,2017-02-22,20775.6
1083,2017-02-23,20810.32
1084,2017-02-24,20821.76
1085,2017-02-27,20837.44
1086,2017-02-28,20812.24
1087,2017-03-01,21115.55
1088,2017-03-02,21002.97
1089,2017-03-03,21005.71
1090,2017-03-06,20954.34
1091,2017-03-07,20924.76
1092,2017-03-08,20855.73
1093,2017-03-09,20858.19
1094,2017-03-10,20902.98
1095,2017-03-13,20881.48
1096,2017-03-14,20837.37
1097,2017-03-15,20950.1
1098,2017-03-16,20934.55
1099,2017-03-17,20914.62
1100,2017-03-20,20905.86
1101,2017-03-21,20668.01
1102,2017-03-22,20661.3
1103,2017-03-23,20656.58
1104,2017-03-24,20596.72
1105,2017-03-27,20550.98
1106,2017-03-28,20701.5
1107,2017-03-29,20659.32
1108,2017-03-30,20728.49
1109,2017-03-31,20663.22
1110,2017-04-03,20650.21
1111,2017-04-04,20689.24
1112,2017-04-05,20648.15
1113,2017-04-06,20662.95
1114,2017-04-07,20656.1
1115,2017-04-10,20658.02
1116,2017-04-11,20651.3
1117,2017-04-12,20591.86
1118,2017-04-13,20453.25
1119,2017-04-14,
1120,2017-04-17,20636.92
1121,2017-04-18,20523.28
1122,2017-04-19,20404.49
1123,2017-04-20,20578.71
1124,2017-04-21,20547.76
1125,2017-04-24,20763.89
1126,2017-04-25,20996.12
1127,2017-04-26,20975.09
1128,2017-04-27,20981.33
1129,2017-04-28,20940.51
1130,2017-05-01,20913.46
1131,2017-05-02,20949.89
1132,2017-05-03,20957.9
1133,2017-05-04,20951.47
1134,2017-05-05,21006.94
1135,2017-05-08,21012.28
1136,2017-05-09,20975.78
1137,2017-05-10,20943.11
1138,2017-05-11,20919.42
1139,2017-05-12,20896.61
1140,2017-05-15,20981.94
1141,2017-05-16,20979.75
1142,2017-05-17,20606.93
1143,2017-05-18,20663.02
1144,2017-05-19,20804.84
1145,2017-05-22,20894.83
1146,2017-05-23,20937.91
1147,2017-05-24,21012.42
1148,2017-05-25,21082.95
1149,2017-05-26,21080.28
1150,2017-05-29,
1151,2017-05-30,21029.47
1152,2017-05-31,21008.65
1153,2017-06-01,21144.18
1154,2017-06-02,21206.29
1155,2017-06-05,21184.04
1156,2017-06-06,21136.23
1157,2017-06-07,21173.69
1158,2017-06-08,21182.53
1159,2017-06-09,21271.97
1160,2017-06-12,21235.67
1161,2017-06-13,21328.47
1162,2017-06-14,21374.56
1163,2017-06-15,21359.9
1164,2017-06-16,21384.28
1165,2017-06-19,21528.99
1166,2017-06-20,21467.14
1167,2017-06-21,21410.03
1168,2017-06-22,21397.29
1169,2017-06-23,21394.76
1170,2017-06-26,21409.55
1171,2017-06-27,21310.66
1172,2017-06-28,21454.61
1173,2017-06-29,21287.03
1174,2017-06-30,21349.63
1175,2017-07-03,21479.27
1176,2017-07-04,
1177,2017-07-05,21478.17
1178,2017-07-06,21320.04
1179,2017-07-07,21414.34
1180,2017-07-10,21408.52
1181,2017-07-11,21409.07
1182,2017-07-12,21532.14
1183,2017-07-13,21553.09
1184,2017-07-14,21637.74
1185,2017-07-17,21629.72
1186,2017-07-18,21574.73
1187,2017-07-19,21640.75
1188,2017-07-20,21611.78
1189,2017-07-21,21580.07
1190,2017-07-24,21513.17
1191,2017-07-25,21613.43
1192,2017-07-26,21711.01
1193,2017-07-27,21796.55
1194,2017-07-28,21830.31
1195,2017-07-31,21891.12
1196,2017-08-01,21963.92
1197,2017-08-02,22016.24
1198,2017-08-03,22026.1
1199,2017-08-04,22092.81
1200,2017-08-07,22118.42
1201,2017-08-08,22085.34
1202,2017-08-09,22048.7
1203,2017-08-10,21844.01
1204,2017-08-11,21858.32
1205,2017-08-14,21993.71
1206,2017-08-15,21998.99
1207,2017-08-16,22024.87
1208,2017-08-17,21750.73
1209,2017-08-18,21674.51
1210,2017-08-21,21703.75
1211,2017-08-22,21899.89
1212,2017-08-23,21812.09
1213,2017-08-24,21783.4
1214,2017-08-25,21813.67
1215,2017-08-28,21808.4
1216,2017-08-29,21865.37
1217,2017-08-30,21892.43
1218,2017-08-31,21948.1
1219,2017-09-01,21987.56
1220,2017-09-04,
1221,2017-09-05,21753.31
1222,2017-09-06,21807.64
1223,2017-09-07,21784.78
1224,2017-09-08,21797.79
1225,2017-09-11,22057.37
1226,2017-09-12,22118.86
1227,2017-09-13,22158.18
1228,2017-09-14,22203.48
1229,2017-09-15,22268.34
1230,2017-09-18,22331.35
1231,2017-09-19,22370.8
1232,2017-09-20,22412.59
1233,2017-09-21,22359.23
1234,2017-09-22,22349.59
1235,2017-09-25,22296.09
1236,2017-09-26,22284.32
1237,2017-09-27,22340.71
1238,2017-09-28,22381.2
1239,2017-09-29,22405.09
1240,2017-10-02,22557.6
1241,2017-10-03,22641.67
1242,2017-10-04,22661.64
1243,2017-10-05,22775.39
1244,2017-10-06,22773.67
1245,2017-10-09,22761.07
1246,2017-10-10,22830.68
1247,2017-10-11,22872.89
1248,2017-10-12,22841.01
1249,2017-10-13,22871.72
1250,2017-10-16,22956.96
1251,2017-10-17,22997.44
1252,2017-10-18,23157.6
1253,2017-10-19,23163.04
1254,2017-10-20,23328.63
1255,2017-10-23,23273.96
1256,2017-10-24,23441.76
1257,2017-10-25,23329.46
1258,2017-10-26,23400.86
1259,2017-10-27,23434.19
1260,2017-10-30,23348.74
1261,2017-10-31,23377.24
1262,2017-11-01,23435.01
1263,2017-11-02,23516.26
1264,2017-11-03,23539.19
1265,2017-11-06,23548.42
1266,2017-11-07,23557.23
1267,2017-11-08,23563.36
1268,2017-11-09,23461.94
1269,2017-11-10,23422.21
1270,2017-11-13,23439.7
1271,2017-11-14,23409.47
1272,2017-11-15,23271.28
1273,2017-11-16,23458.36
1274,2017-11-17,23358.24
1275,2017-11-20,23430.33
1276,2017-11-21,23590.83
1277,2017-11-22,23526.18
1278,2017-11-23,
1279,2017-11-24,23557.99
1280,2017-11-27,23580.78
1281,2017-11-28,23836.71
1282,2017-11-29,23940.68
1283,2017-11-30,24272.35
1284,2017-12-01,24231.59
1285,2017-12-04,24290.05
1286,2017-12-05,24180.64
1287,2017-12-06,24140.91
1288,2017-12-07,24211.48
1289,2017-12-08,24329.16
1290,2017-12-11,24386.03
1291,2017-12-12,24504.8
1292,2017-12-13,24585.43
1293,2017-12-14,24508.66
1294,2017-12-15,24651.74
1295,2017-12-18,24792.2
1296,2017-12-19,24754.75
1297,2017-12-20,24726.65
1298,2017-12-21,24782.29
1299,2017-12-22,24754.06
1300,2017-12-25,
1301,2017-12-26,24746.21
1302,2017-12-27,24774.3
1303,2017-12-28,24837.51
1304,2017-12-29,24719.22
1305,2018-01-01,
1306,2018-01-02,24824.01
1307,2018-01-03,24922.68
1308,2018-01-04,25075.13
1309,2018-01-05,25295.87
1310,2018-01-08,25283.0
1311,2018-01-09,25385.8
1312,2018-01-10,25369.13
1313,2018-01-11,25574.73
1314,2018-01-12,25803.19
1315,2018-01-15,
1316,2018-01-16,25792.86
1317,2018-01-17,26115.65
1318,2018-01-18,26017.81
1319,2018-01-19,26071.72
1320,2018-01-22,26214.6
1321,2018-01-23,26210.81
1322,2018-01-24,26252.12
1323,2018-01-25,26392.79
1324,2018-01-26,26616.71
1325,2018-01-29,26439.48
1326,2018-01-30,26076.89
1327,2018-01-31,26149.39
1328,2018-02-01,26186.71
1329,2018-02-02,25520.96
1330,2018-02-05,24345.75
1331,2018-02-06,24912.77
1332,2018-02-07,24893.35
1333,2018-02-08,23860.46
1334,2018-02-09,24190.9
1335,2018-02-12,24601.27
1336,2018-02-13,24640.45
1337,2018-02-14,24893.49
1338,2018-02-15,25200.37
1339,2018-02-16,25219.38
1340,2018-02-19,
1341,2018-02-20,24964.75
1342,2018-02-21,24797.78
1343,2018-02-22,24962.48
1344,2018-02-23,25309.99
1345,2018-02-26,25709.27
1346,2018-02-27,25410.03
1347,2018-02-28,25029.2
1348,2018-03-01,24608.98
1349,2018-03-02,24538.06
1350,2018-03-05,24874.76
1351,2018-03-06,24884.12
1352,2018-03-07,24801.36
1353,2018-03-08,24895.21
1354,2018-03-09,25335.74
1355,2018-03-12,25178.61
1356,2018-03-13,25007.03
1357,2018-03-14,24758.12
1358,2018-03-15,24873.66
1359,2018-03-16,24946.51
1360,2018-03-19,24610.91
1361,2018-03-20,24727.27
1362,2018-03-21,24682.31
1363,2018-03-22,23957.89
1364,2018-03-23,23533.2
1365,2018-03-26,24202.6
1366,2018-03-27,23857.71
1367,2018-03-28,23848.42
1368,2018-03-29,24103.11
1369,2018-03-30,
1370,2018-04-02,23644.19
1371,2018-04-03,24033.36
1372,2018-04-04,24264.3
1373,2018-04-05,24505.22
1374,2018-04-06,23932.76
1375,2018-04-09,23979.1
1376,2018-04-10,24408.0
1377,2018-04-11,24189.45
1378,2018-04-12,24483.05
1379,2018-04-13,24360.14
1380,2018-04-16,24573.04
1381,2018-04-17,24786.63
1382,2018-04-18,24748.07
1383,2018-04-19,24664.89
1384,2018-04-20,24462.94
1385,2018-04-23,24448.69
1386,2018-04-24,24024.13
1387,2018-04-25,24083.83
1388,2018-04-26,24322.34
1389,2018-04-27,24311.19
1390,2018-04-30,24163.15
1391,2018-05-01,24099.05
1392,2018-05-02,23924.98
1393,2018-05-03,23930.15
1394,2018-05-04,24262.51
1395,2018-05-07,24357.32
1396,2018-05-08,24360.21
1397,2018-05-09,24542.54
1398,2018-05-10,24739.53
1399,2018-05-11,24831.17
1400,2018-05-14,24899.41
1401,2018-05-15,24706.41
1402,2018-05-16,24768.93
1403,2018-05-17,24713.98
1404,2018-05-18,24715.09
1405,2018-05-21,25013.29
1406,2018-05-22,24834.41
1407,2018-05-23,24886.81
1408,2018-05-24,24811.76
1409,2018-05-25,24753.09
1410,2018-05-28,
1411,2018-05-29,24361.45
1412,2018-05-30,24667.78
1413,2018-05-31,24415.84
1414,2018-06-01,24635.21
1415,2018-06-04,24813.69
1416,2018-06-05,24799.98
1417,2018-06-06,25146.39
1418,2018-06-07,25241.41
1419,2018-06-08,25316.53
1420,2018-06-11,25322.31
1421,2018-06-12,25320.73
1422,2018-06-13,25201.2
1423,2018-06-14,25175.31
1424,2018-06-15,25090.48
1425,2018-06-18,24987.47
1426,2018-06-19,24700.21
1427,2018-06-20,24657.8
1428,2018-06-21,24461.7
1429,2018-06-22,24580.89
1430,2018-06-25,24252.8
1431,2018-06-26,24283.11
1432,2018-06-27,24117.59
1433,2018-06-28,24216.05
1434,2018-06-29,24271.41
1435,2018-07-02,24307.18
1436,2018-07-03,24174.82
1437,2018-07-04,
1438,2018-07-05,24356.74
1439,2018-07-06,24456.48
1440,2018-07-09,24776.59
1441,2018-07-10,24919.66
1442,2018-07-11,24700.45
1443,2018-07-12,24924.89
1444,2018-07-13,25019.41
1445,2018-07-16,25064.36
1446,2018-07-17,25119.89
1447,2018-07-18,25199.29
1448,2018-07-19,25064.5
1449,2018-07-20,25058.12
1450,2018-07-23,25044.29
1451,2018-07-24,25241.94
1452,2018-07-25,25414.1
1453,2018-07-26,25527.07
1454,2018-07-27,25451.06
1455,2018-07-30,25306.83
1456,2018-07-31,25415.19
1457,2018-08-01,25333.82
1458,2018-08-02,25326.16
1459,2018-08-03,25462.58
1460,2018-08-06,25502.18
1461,2018-08-07,25628.91
1462,2018-08-08,25583.75
1463,2018-08-09,25509.23
1464,2018-08-10,25313.14
1465,2018-08-13,25187.7
1466,2018-08-14,25299.92
1467,2018-08-15,25162.41
1468,2018-08-16,25558.73
1469,2018-08-17,25669.32
1470,2018-08-20,25758.69
1471,2018-08-21,25822.29
1472,2018-08-22,25733.6
1473,2018-08-23,25656.98
1474,2018-08-24,25790.35
1475,2018-08-27,26049.64
1476,2018-08-28,26064.02
1477,2018-08-29,26124.57
1478,2018-08-30,25986.92
1479,2018-08-31,25964.82
1480,2018-09-03,
1481,2018-09-04,25952.48
1482,2018-09-05,25974.99
1483,2018-09-06,25995.87
1484,2018-09-07,25916.54
1485,2018-09-10,25857.07
1486,2018-09-11,25971.06
1487,2018-09-12,25998.92
1488,2018-09-13,26145.99
1489,2018-09-14,26154.67
1490,2018-09-17,26062.12
1491,2018-09-18,26246.96
1492,2018-09-19,26405.76
1493,2018-09-20,26656.98
1494,2018-09-21,26743.5
1495,2018-09-24,26562.05
1496,2018-09-25,26492.21
1497,2018-09-26,26385.28
1498,2018-09-27,26439.93
1499,2018-09-28,26458.31
1500,2018-10-01,26651.21
1501,2018-10-02,26773.94
1502,2018-10-03,26828.39
1503,2018-10-04,26627.48
1504,2018-10-05,26447.05
1505,2018-10-08,26486.78
1506,2018-10-09,26430.57
1507,2018-10-10,25598.74
1508,2018-10-11,25052.83
1509,2018-10-12,25339.99
1510,2018-10-15,25250.55
1511,2018-10-16,25798.42
1512,2018-10-17,25706.68
1513,2018-10-18,25379.45
1514,2018-10-19,25444.34
1515,2018-10-22,25317.41
1516,2018-10-23,25191.43
1517,2018-10-24,24583.42
1518,2018-10-25,24984.55
1519,2018-10-26,24688.31
1520,2018-10-29,24442.92
1521,2018-10-30,24874.64
1522,2018-10-31,25115.76
1523,2018-11-01,25380.74
1524,2018-11-02,25270.83
1525,2018-11-05,25461.7
1526,2018-11-06,25635.01
1527,2018-11-07,26180.3
1528,2018-11-08,26191.22
1529,2018-11-09,25989.3
1530,2018-11-12,25387.18
1531,2018-11-13,25286.49
1532,2018-11-14,25080.5
1533,2018-11-15,25289.27
1534,2018-11-16,25413.22
1535,2018-11-19,25017.44
1536,2018-11-20,24465.64
1537,2018-11-21,24464.69
1538,2018-11-22,
1539,2018-11-23,24285.95
1540,2018-11-26,24640.24
1541,2018-11-27,24748.73
1542,2018-11-28,25366.43
1543,2018-11-29,25338.84
1544,2018-11-30,25538.46
1545,2018-12-03,25826.43
1546,2018-12-04,25027.07
1547,2018-12-05,
1548,2018-12-06,24947.67
1549,2018-12-07,24388.95
1550,2018-12-10,24423.26
1551,2018-12-11,24370.24
1552,2018-12-12,24527.27
1553,2018-12-13,24597.38
1554,2018-12-14,24100.51
1555,2018-12-17,23592.98
1556,2018-12-18,23675.64
1557,2018-12-19,23323.66
1558,2018-12-20,22859.6
1559,2018-12-21,22445.37
1560,2018-12-24,21792.2
1561,2018-12-25,
1562,2018-12-26,22878.45
1563,2018-12-27,23138.82
1564,2018-12-28,23062.4
1565,2018-12-31,23327.46
1566,2019-01-01,
1567,2019-01-02,23346.24
1568,2019-01-03,22686.22
1569,2019-01-04,23433.16
1570,2019-01-07,23531.35
1571,2019-01-08,23787.45
1572,2019-01-09,23879.12
1573,2019-01-10,24001.92
1574,2019-01-11,23995.95
1575,2019-01-14,23909.84
1576,2019-01-15,24065.59
1577,2019-01-16,24207.16
1578,2019-01-17,24370.1
1579,2019-01-18,24706.35
1580,2019-01-21,
1581,2019-01-22,24404.48
1582,2019-01-23,24575.62
1583,2019-01-24,24553.24
1584,2019-01-25,24737.2
1585,2019-01-28,24528.22
1586,2019-01-29,24579.96
1587,2019-01-30,25014.86
1588,2019-01-31,24999.67
1589,2019-02-01,25063.89
1590,2019-02-04,25239.37
1591,2019-02-05,25411.52
1592,2019-02-06,25390.3
1593,2019-02-07,25169.53
1594,2019-02-08,25106.33
1595,2019-02-11,25053.11
1596,2019-02-12,25425.76
1597,2019-02-13,25543.27
1598,2019-02-14,25439.39
1599,2019-02-15,25883.25
1600,2019-02-18,
1601,2019-02-19,25891.32
1602,2019-02-20,25954.44
1603,2019-02-21,25850.63
1604,2019-02-22,26031.81
1605,2019-02-25,26091.95
1606,2019-02-26,26057.98
1607,2019-02-27,25985.16
1608,2019-02-28,25916.0
1609,2019-03-01,26026.32
1610,2019-03-04,25819.65
1611,2019-03-05,25806.63
1612,2019-03-06,25673.46
1613,2019-03-07,25473.23
1614,2019-03-08,25450.24
1615,2019-03-11,25650.88
1616,2019-03-12,25554.66
1617,2019-03-13,25702.89
1618,2019-03-14,25709.94
1619,2019-03-15,25848.87
1620,2019-03-18,25914.1
1621,2019-03-19,25887.38
1622,2019-03-20,25745.67
1623,2019-03-21,25962.51
1624,2019-03-22,25502.32
1625,2019-03-25,25516.83
1626,2019-03-26,25657.73
1627,2019-03-27,25625.59
1628,2019-03-28,25717.46
1629,2019-03-29,25928.68
1630,2019-04-01,26258.42
1631,2019-04-02,26179.13
1632,2019-04-03,26218.13
1633,2019-04-04,26384.63
1634,2019-04-05,26424.99
1635,2019-04-08,26341.02
1636,2019-04-09,26150.58
1637,2019-04-10,26157.16
1638,2019-04-11,26143.05
1639,2019-04-12,26412.3
1640,2019-04-15,26384.77
1641,2019-04-16,26452.66
1642,2019-04-17,26449.54
1643,2019-04-18,26559.54
1644,2019-04-19,
1645,2019-04-22,26511.05
1646,2019-04-23,26656.39
1647,2019-04-24,26597.05
1648,2019-04-25,26462.08
1649,2019-04-26,26543.33
1650,2019-04-29,26554.39
1651,2019-04-30,26592.91
1652,2019-05-01,26430.14
1653,2019-05-02,26307.79
1654,2019-05-03,26504.95
1655,2019-05-06,26438.48
1656,2019-05-07,25965.09
1657,2019-05-08,25967.33
1658,2019-05-09,25828.36
1659,2019-05-10,25942.37
1660,2019-05-13,25324.99
1661,2019-05-14,25532.05
1662,2019-05-15,25648.02
1663,2019-05-16,25862.68
1664,2019-05-17,25764.0
1665,2019-05-20,25679.9
1666,2019-05-21,25877.33
1667,2019-05-22,25776.61
1668,2019-05-23,25490.47
1669,2019-05-24,25585.69
1670,2019-05-27,
1671,2019-05-28,25347.77
1672,2019-05-29,25126.41
1673,2019-05-30,25169.88
1674,2019-05-31,24815.04
1675,2019-06-03,24819.78
1676,2019-06-04,25332.18
1677,2019-06-05,25539.57
1678,2019-06-06,25720.66
1679,2019-06-07,25983.94
1680,2019-06-10,26062.68
1681,2019-06-11,26048.51
1682,2019-06-12,26004.83
1683,2019-06-13,26106.77
1684,2019-06-14,26089.61
1685,2019-06-17,26112.53
1686,2019-06-18,26465.54
1687,2019-06-19,26504.0
1688,2019-06-20,26753.17
1689,2019-06-21,26719.13
1690,2019-06-24,26727.54
1691,2019-06-25,26548.22
1692,2019-06-26,26536.82
1693,2019-06-27,26526.58
1694,2019-06-28,26599.96
1695,2019-07-01,26717.43
1696,2019-07-02,26786.68
1697,2019-07-03,26966.0
1698,2019-07-04,
1699,2019-07-05,26922.12
1700,2019-07-08,26806.14
1701,2019-07-09,26783.49
1702,2019-07-10,26860.2
1703,2019-07-11,27088.08
1704,2019-07-12,27332.03
1705,2019-07-15,27359.16
1706,2019-07-16,27335.63
1707,2019-07-17,27219.85
1708,2019-07-18,27222.97
1709,2019-07-19,27154.2
1710,2019-07-22,27171.9
1711,2019-07-23,27349.19
1712,2019-07-24,27269.97
1713,2019-07-25,27140.98
1714,2019-07-26,27192.45
1715,2019-07-29,27221.35
1716,2019-07-30,27198.02
1717,2019-07-31,26864.27
1718,2019-08-01,26583.42
1719,2019-08-02,26485.01
1720,2019-08-05,25717.74
1721,2019-08-06,26029.52
1722,2019-08-07,26007.07
1723,2019-08-08,26378.19
1724,2019-08-09,26287.44
1725,2019-08-12,25907.37
1726,2019-08-13,26279.91
1727,2019-08-14,25479.42
1728,2019-08-15,25579.39
1729,2019-08-16,25886.01
1730,2019-08-19,26135.79
1731,2019-08-20,25962.44
1732,2019-08-21,26202.73
1733,2019-08-22,26252.24
1734,2019-08-23,25628.9
1735,2019-08-26,25898.83
1736,2019-08-27,25777.9
1737,2019-08-28,26036.1
1738,2019-08-29,26362.25
1739,2019-08-30,26403.28
1740,2019-09-02,
1741,2019-09-03,26118.02
1742,2019-09-04,26355.47
1743,2019-09-05,26728.15
1744,2019-09-06,26797.46
1745,2019-09-09,26835.51
1746,2019-09-10,26909.43
1747,2019-09-11,27137.04
1748,2019-09-12,27182.45
1749,2019-09-13,27219.52
1750,2019-09-16,27076.82
1751,2019-09-17,27110.8
1752,2019-09-18,27147.08
1753,2019-09-19,27094.79
1754,2019-09-20,26935.07
1755,2019-09-23,26949.99
1756,2019-09-24,26807.77
1757,2019-09-25,26970.71
1758,2019-09-26,26891.12
1759,2019-09-27,26820.25
1760,2019-09-30,26916.83
1761,2019-10-01,26573.04
1762,2019-10-02,26078.62
1763,2019-10-03,26201.04
1764,2019-10-04,26573.72
1765,2019-10-07,26478.02
1766,2019-10-08,26164.04
1767,2019-10-09,26346.01
1768,2019-10-10,26496.67
1769,2019-10-11,26816.59
1770,2019-10-14,26787.36
1771,2019-10-15,27024.8
1772,2019-10-16,27001.98
1773,2019-10-17,27025.88
1774,2019-10-18,26770.2
1775,2019-10-21,26827.64
1776,2019-10-22,26788.1
1777,2019-10-23,26833.95
1778,2019-10-24,26805.53
1779,2019-10-25,26958.06
1780,2019-10-28,27090.72
1781,2019-10-29,27071.42
1782,2019-10-30,27186.69
1783,2019-10-31,27046.23
1784,2019-11-01,27347.36
1785,2019-11-04,27462.11
1786,2019-11-05,27492.63
1787,2019-11-06,27492.56
1788,2019-11-07,27674.8
1789,2019-11-08,27681.24
1790,2019-11-11,27691.49
1791,2019-11-12,27691.49
1792,2019-11-13,27783.59
1793,2019-11-14,27781.96
1794,2019-11-15,28004.89
1795,2019-11-18,28036.22
1796,2019-11-19,27934.02
1797,2019-11-20,27821.09
1798,2019-11-21,27766.29
1799,2019-11-22,27875.62
1800,2019-11-25,28066.47
1801,2019-11-26,28121.68
1802,2019-11-27,28164.0
1803,2019-11-28,
1804,2019-11-29,28051.41
1805,2019-12-02,27783.04
1806,2019-12-03,27502.81
1807,2019-12-04,27649.78
1808,2019-12-05,27677.79
1809,2019-12-06,28015.06
1810,2019-12-09,27909.6
1811,2019-12-10,27881.72
1812,2019-12-11,27911.3
1813,2019-12-12,28132.05
1814,2019-12-13,28135.38
1815,2019-12-16,28235.89
1816,2019-12-17,28267.16
1817,2019-12-18,28239.28
1818,2019-12-19,28376.96
1819,2019-12-20,28455.09
1820,2019-12-23,28551.53
1821,2019-12-24,28515.45
1822,2019-12-25,
1823,2019-12-26,28621.39
1824,2019-12-27,28645.26
1825,2019-12-30,28462.14
1826,2019-12-31,28538.44
1827,2020-01-01,
1828,2020-01-02,28868.8
1829,2020-01-03,28634.88
1830,2020-01-06,28703.38
1831,2020-01-07,28583.68
1832,2020-01-08,28745.09
1833,2020-01-09,28956.9
1834,2020-01-10,28823.77
1835,2020-01-13,28907.05
1836,2020-01-14,28939.67
1837,2020-01-15,29030.22
1838,2020-01-16,29297.64
1839,2020-01-17,29348.1
1840,2020-01-20,
1841,2020-01-21,29196.04
1842,2020-01-22,29186.27
1843,2020-01-23,29160.09
1844,2020-01-24,28989.73
1845,2020-01-27,28535.8
1846,2020-01-28,28722.85
1847,2020-01-29,28734.45
1848,2020-01-30,28859.44
1849,2020-01-31,28256.03
1850,2020-02-03,28399.81
1851,2020-02-04,28807.63
1852,2020-02-05,29290.85
1853,2020-02-06,29379.77
1854,2020-02-07,29102.51
1855,2020-02-10,29276.82
1856,2020-02-11,29276.34
1857,2020-02-12,29551.42
1858,2020-02-13,29423.31
1859,2020-02-14,29398.08
1860,2020-02-17,
1861,2020-02-18,29232.19
1862,2020-02-19,29348.03
1863,2020-02-20,29219.98
1864,2020-02-21,28992.41
1865,2020-02-24,27960.8
1866,2020-02-25,27081.36
1867,2020-02-26,26957.59
1868,2020-02-27,25766.64
1869,2020-02-28,25409.36
1870,2020-03-02,26703.32
1871,2020-03-03,25917.41
1872,2020-03-04,27090.86
1873,2020-03-05,26121.28
1874,2020-03-06,25864.78
1875,2020-03-09,23851.02
1876,2020-03-10,25018.16
1877,2020-03-11,23553.22
1878,2020-03-12,21200.62
1879,2020-03-13,23185.62
1880,2020-03-16,20188.52
1881,2020-03-17,21237.38
1882,2020-03-18,19898.92
1883,2020-03-19,20087.19
1884,2020-03-20,19173.98
1885,2020-03-23,18591.93
1886,2020-03-24,20704.91
1887,2020-03-25,21200.55
1888,2020-03-26,22552.17
1889,2020-03-27,21636.78
1890,2020-03-30,22327.48
1891,2020-03-31,21917.16
1892,2020-04-01,20943.51
1893,2020-04-02,21413.44
1894,2020-04-03,21052.53
1895,2020-04-06,22679.99
1896,2020-04-07,22653.86
1897,2020-04-08,23433.57
1898,2020-04-09,23719.37
1899,2020-04-10,
1900,2020-04-13,23390.77
1901,2020-04-14,23949.76
1902,2020-04-15,23504.35
1903,2020-04-16,23537.68
1904,2020-04-17,24242.49
1905,2020-04-20,23650.44
1906,2020-04-21,23018.88
1907,2020-04-22,23475.82
1908,2020-04-23,23515.26
1909,2020-04-24,23775.27
1910,2020-04-27,24133.78
1911,2020-04-28,24101.55
1912,2020-04-29,24633.86
1913,2020-04-30,24345.72
1914,2020-05-01,23723.69
1915,2020-05-04,23749.76
1916,2020-05-05,23883.09
1917,2020-05-06,23664.64
1918,2020-05-07,23875.89
1919,2020-05-08,24331.32
1920,2020-05-11,24221.99
1921,2020-05-12,23764.78
1922,2020-05-13,23247.97
1923,2020-05-14,23625.34
1924,2020-05-15,23685.42
1925,2020-05-18,24597.37
1926,2020-05-19,24206.86
1927,2020-05-20,24575.9
1928,2020-05-21,24474.12
1929,2020-05-22,24465.16
1930,2020-05-25,
1931,2020-05-26,24995.11
1932,2020-05-27,25548.27
1933,2020-05-28,25400.64
1934,2020-05-29,25383.11
1935,2020-06-01,25475.02
1936,2020-06-02,25742.65
1937,2020-06-03,26269.89
1938,2020-06-04,26281.82
1939,2020-06-05,27110.98
1940,2020-06-08,27572.44
1941,2020-06-09,27272.3
1942,2020-06-10,26989.99
1943,2020-06-11,25128.17
1944,2020-06-12,25605.54
1945,2020-06-15,25763.16
1946,2020-06-16,26289.98
1947,2020-06-17,26119.61
1948,2020-06-18,26080.1
1949,2020-06-19,25871.46
1950,2020-06-22,26024.96
1951,2020-06-23,26156.1
1952,2020-06-24,25445.94
1953,2020-06-25,25745.6
1954,2020-06-26,25015.55
1955,2020-06-29,25595.8
1956,2020-06-30,25812.88
1957,2020-07-01,25734.97
1958,2020-07-02,25827.36
1959,2020-07-03,
1960,2020-07-06,26287.03
1961,2020-07-07,25890.18
1962,2020-07-08,26067.28
1963,2020-07-09,25706.09
1964,2020-07-10,26075.3
1965,2020-07-13,26085.8
1966,2020-07-14,26642.59
1967,2020-07-15,26870.1
1968,2020-07-16,26734.71
1969,2020-07-17,26671.95
1970,2020-07-20,26680.87
1971,2020-07-21,26840.4
1972,2020-07-22,27005.84
1973,2020-07-23,26652.33
1974,2020-07-24,26469.89
1975,2020-07-27,26584.77
1976,2020-07-28,26379.28
1977,2020-07-29,26539.57
1978,2020-07-30,26313.65
1979,2020-07-31,26428.32
1980,2020-08-03,26664.4
1981,2020-08-04,26828.47
1982,2020-08-05,27201.52
1983,2020-08-06,27386.98
1984,2020-08-07,27433.48
1985,2020-08-10,27791.44
1986,2020-08-11,27686.91
1987,2020-08-12,27976.84
1988,2020-08-13,27896.72
1989,2020-08-14,27931.02
1990,2020-08-17,27844.91
1991,2020-08-18,27778.07
1992,2020-08-19,27692.88
1993,2020-08-20,27739.73
1994,2020-08-21,27930.33
1995,2020-08-24,28308.46
1996,2020-08-25,28248.44
1997,2020-08-26,28331.92
1998,2020-08-27,28492.27
1999,2020-08-28,28653.87
2000,2020-08-31,28430.05
2001,2020-09-01,28645.66
2002,2020-09-02,29100.5
2003,2020-09-03,28292.73
2004,2020-09-04,28133.31
2005,2020-09-07,
2006,2020-09-08,27500.89
2007,2020-09-09,27940.47
2008,2020-09-10,27534.58
2009,2020-09-11,27665.64
2010,2020-09-14,27993.33
2011,2020-09-15,27995.6
2012,2020-09-16,28032.38
2013,2020-09-17,27901.98
2014,2020-09-18,27657.42
2015,2020-09-21,27147.7
2016,2020-09-22,27288.18
2017,2020-09-23,26763.13
2018,2020-09-24,26815.44
2019,2020-09-25,27173.96
2020,2020-09-28,27584.06
2021,2020-09-29,27452.66
2022,2020-09-30,27781.7
2023,2020-10-01,27816.9
2024,2020-10-02,27682.81
2025,2020-10-05,28148.64
2026,2020-10-06,27772.76
2027,2020-10-07,28303.46
2028,2020-10-08,28425.51
2029,2020-10-09,28586.9
2030,2020-10-12,28837.52
2031,2020-10-13,28679.81
2032,2020-10-14,28514.0
2033,2020-10-15,28494.2
2034,2020-10-16,28606.31
2035,2020-10-19,28195.42
2036,2020-10-20,28308.79
2037,2020-10-21,28210.82
2038,2020-10-22,28363.66
2039,2020-10-23,28335.57
2040,2020-10-26,27685.38
2041,2020-10-27,27463.19
2042,2020-10-28,26519.95
2043,2020-10-29,26659.11
2044,2020-10-30,26501.6
2045,2020-11-02,26925.05
2046,2020-11-03,27480.03
2047,2020-11-04,27847.66
2048,2020-11-05,28390.18
2049,2020-11-06,28323.4
2050,2020-11-09,29157.97
2051,2020-11-10,29420.92
2052,2020-11-11,29397.63
2053,2020-11-12,29080.17
2054,2020-11-13,29479.81
2055,2020-11-16,29950.44
2056,2020-11-17,29783.35
2057,2020-11-18,29438.42
2058,2020-11-19,29483.23
2059,2020-11-20,29263.48
2060,2020-11-23,29591.27
2061,2020-11-24,30046.24
2062,2020-11-25,29872.47
2063,2020-11-26,
2064,2020-11-27,29910.37
2065,2020-11-30,29638.64
2066,2020-12-01,29823.92
2067,2020-12-02,29883.79
2068,2020-12-03,29969.52
2069,2020-12-04,30218.26
2070,2020-12-07,30069.79
2071,2020-12-08,30173.88
2072,2020-12-09,30068.81
2073,2020-12-10,29999.26
2074,2020-12-11,30046.37
2075,2020-12-14,29861.55
2076,2020-12-15,30199.31
2077,2020-12-16,30154.54
2078,2020-12-17,30303.37
2079,2020-12-18,30179.05
2080,2020-12-21,30216.45
2081,2020-12-22,30015.51
2082,2020-12-23,30129.83
2083,2020-12-24,30199.87
2084,2020-12-25,
2085,2020-12-28,30403.97
2086,2020-12-29,30335.67
2087,2020-12-30,30409.56
2088,2020-12-31,30606.48
2089,2021-01-01,
2090,2021-01-04,30223.89
2091,2021-01-05,30391.6
2092,2021-01-06,30829.4
2093,2021-01-07,31041.13
2094,2021-01-08,31097.97
2095,2021-01-11,31008.69
2096,2021-01-12,31068.69
2097,2021-01-13,31060.47
2098,2021-01-14,30991.52
2099,2021-01-15,30814.26
2100,2021-01-18,
2101,2021-01-19,30930.52
2102,2021-01-20,31188.38
2103,2021-01-21,31176.01
2104,2021-01-22,30996.98
2105,2021-01-25,30960.0
2106,2021-01-26,30937.04
2107,2021-01-27,30303.17
2108,2021-01-28,30603.36
2109,2021-01-29,29982.62
2110,2021-02-01,30211.91
2111,2021-02-02,30687.48
2112,2021-02-03,30723.6
2113,2021-02-04,31055.86
2114,2021-02-05,31148.24
2115,2021-02-08,31385.76
2116,2021-02-09,31375.83
2117,2021-02-10,31437.8
2118,2021-02-11,31430.7
2119,2021-02-12,31458.4
2120,2021-02-15,
2121,2021-02-16,31522.75
2122,2021-02-17,31613.02
2123,2021-02-18,31493.34
2124,2021-02-19,31494.32
2125,2021-02-22,31521.69
2126,2021-02-23,31537.35
2127,2021-02-24,31961.86
2128,2021-02-25,31402.01
2129,2021-02-26,30932.37
2130,2021-03-01,31535.51
2131,2021-03-02,31391.52
2132,2021-03-03,31270.09
2133,2021-03-04,30924.14
2134,2021-03-05,31496.3
2135,2021-03-08,31802.44
2136,2021-03-09,31832.74
2137,2021-03-10,32297.02
2138,2021-03-11,32485.59
2139,2021-03-12,32778.64
2140,2021-03-15,32953.46
2141,2021-03-16,32825.95
2142,2021-03-17,33015.37
2143,2021-03-18,32862.3
2144,2021-03-19,32627.97
2145,2021-03-22,32731.2
2146,2021-03-23,32423.15
2147,2021-03-24,32420.06
2148,2021-03-25,32619.48
2149,2021-03-26,33072.88
2150,2021-03-29,33171.37
2151,2021-03-30,33066.96
2152,2021-03-31,32981.55
2153,2021-04-01,33153.21
2154,2021-04-02,
2155,2021-04-05,33527.19
2156,2021-04-06,33430.24
2157,2021-04-07,33446.26
2158,2021-04-08,33503.57
2159,2021-04-09,33800.6
2160,2021-04-12,33745.4
2161,2021-04-13,33677.27
2162,2021-04-14,33730.89
2163,2021-04-15,34035.99
2164,2021-04-16,34200.67
2165,2021-04-19,34077.63
2166,2021-04-20,33821.3
2167,2021-04-21,34137.31
2168,2021-04-22,33815.9
2169,2021-04-23,34043.49
2170,2021-04-26,33981.57
2171,2021-04-27,33984.93
2172,2021-04-28,33820.38
2173,2021-04-29,34060.36
2174,2021-04-30,33874.85
2175,2021-05-03,34113.23
2176,2021-05-04,34133.03
2177,2021-05-05,34230.34
2178,2021-05-06,34548.53
2179,2021-05-07,34777.76
2180,2021-05-10,34742.82
2181,2021-05-11,34269.16
2182,2021-05-12,33587.66
2183,2021-05-13,34021.45
2184,2021-05-14,34382.13
2185,2021-05-17,34327.79
2186,2021-05-18,34060.66
2187,2021-05-19,33896.04
2188,2021-05-20,34084.15
2189,2021-05-21,34207.84
2190,2021-05-24,34393.98
2191,2021-05-25,34312.46
2192,2021-05-26,34323.05
2193,2021-05-27,34464.64
2194,2021-05-28,34529.45
2195,2021-05-31,
2196,2021-06-01,34575.31
2197,2021-06-02,34600.38
2198,2021-06-03,34577.04
2199,2021-06-04,34756.39
2200,2021-06-07,34630.24
2201,2021-06-08,34599.82
2202,2021-06-09,34447.14
2203,2021-06-10,34466.24
2204,2021-06-11,34479.6
2205,2021-06-14,34393.75
2206,2021-06-15,34299.33
2207,2021-06-16,34033.67
2208,2021-06-17,33823.45
2209,2021-06-18,33290.08
2210,2021-06-21,33876.97
2211,2021-06-22,33945.58
2212,2021-06-23,33874.24
2213,2021-06-24,34196.82
2214,2021-06-25,34433.84
2215,2021-06-28,34283.27
2216,2021-06-29,34292.29
2217,2021-06-30,34502.51
2218,2021-07-01,34633.53
2219,2021-07-02,34786.35
2220,2021-07-05,
2221,2021-07-06,34577.37
2222,2021-07-07,34681.79
2223,2021-07-08,34421.93
2224,2021-07-09,34870.16
2225,2021-07-12,34996.18
2226,2021-07-13,34888.79
2227,2021-07-14,34933.23
2228,2021-07-15,34987.02
2229,2021-07-16,34687.85
2230,2021-07-19,33962.04
2231,2021-07-20,34511.99
2232,2021-07-21,34798.0
2233,2021-07-22,34823.35
2234,2021-07-23,35061.55
2235,2021-07-26,35144.31
2236,2021-07-27,35058.52
2237,2021-07-28,34930.93
2238,2021-07-29,35084.53
2239,2021-07-30,34935.47
2240,2021-08-02,34838.16
2241,2021-08-03,35116.4
2242,2021-08-04,34792.67
2243,2021-08-05,35064.25
2244,2021-08-06,35208.51
2245,2021-08-09,35101.85
2246,2021-08-10,35264.67
2247,2021-08-11,35484.97
2248,2021-08-12,35499.85
2249,2021-08-13,35515.38
2250,2021-08-16,35625.4
2251,2021-08-17,35343.28
2252,2021-08-18,34960.69
2253,2021-08-19,34894.12
2254,2021-08-20,35120.08
2255,2021-08-23,35335.71
2256,2021-08-24,35366.26
2257,2021-08-25,35405.5
2258,2021-08-26,35213.12
2259,2021-08-27,35455.8
2260,2021-08-30,35399.84
2261,2021-08-31,35360.73
2262,2021-09-01,35312.53
2263,2021-09-02,35443.82
2264,2021-09-03,35369.09
2265,2021-09-06,
2266,2021-09-07,35100.0
2267,2021-09-08,35031.07
2268,2021-09-09,34879.38
2269,2021-09-10,34607.72
2270,2021-09-13,34869.63
2271,2021-09-14,34577.57
2272,2021-09-15,34814.39
2273,2021-09-16,34751.32
2274,2021-09-17,34584.88
2275,2021-09-20,33970.47
2276,2021-09-21,33919.84
2277,2021-09-22,34258.32
2278,2021-09-23,34764.82
2279,2021-09-24,34798.0
2280,2021-09-27,34869.37
2281,2021-09-28,34299.99
2282,2021-09-29,34390.72
2283,2021-09-30,33843.92
2284,2021-10-01,34326.46
2285,2021-10-04,34002.92
2286,2021-10-05,34314.67
2287,2021-10-06,34416.99
2288,2021-10-07,34754.94
2289,2021-10-08,34746.25
2290,2021-10-11,34496.06
2291,2021-10-12,34378.34
2292,2021-10-13,34377.81
2293,2021-10-14,34912.56
2294,2021-10-15,35294.76
2295,2021-10-18,35258.61
2296,2021-10-19,35457.31
2297,2021-10-20,35609.34
2298,2021-10-21,35603.08
2299,2021-10-22,35677.02
2300,2021-10-25,35741.15
2301,2021-10-26,35756.88
2302,2021-10-27,35490.69
2303,2021-10-28,35730.48
2304,2021-10-29,35819.56
2305,2021-11-01,35913.84
2306,2021-11-02,36052.63
2307,2021-11-03,36157.58
2308,2021-11-04,36124.23
2309,2021-11-05,36327.95
2310,2021-11-08,36432.22
2311,2021-11-09,36319.98
2312,2021-11-10,36079.94
2313,2021-11-11,35921.23
2314,2021-11-12,36100.31
2315,2021-11-15,36087.45
2316,2021-11-16,36142.22
2317,2021-11-17,35931.05
2318,2021-11-18,35870.95
2319,2021-11-19,35601.98
2320,2021-11-22,35619.25
2321,2021-11-23,35813.8
2322,2021-11-24,35804.38
2323,2021-11-25,
2324,2021-11-26,34899.34
2325,2021-11-29,35135.94
2326,2021-11-30,34483.72
2327,2021-12-01,34022.04
2328,2021-12-02,34639.79
2329,2021-12-03,34580.08
2330,2021-12-06,35227.03
2331,2021-12-07,35719.43
2332,2021-12-08,35754.75
2333,2021-12-09,35754.69
2334,2021-12-10,35970.99
2335,2021-12-13,35650.95
2336,2021-12-14,35544.18
2337,2021-12-15,35927.43
2338,2021-12-16,35897.64
2339,2021-12-17,35365.44
2340,2021-12-20,34932.16
2341,2021-12-21,35492.7
2342,2021-12-22,35753.89
2343,2021-12-23,35950.56
2344,2021-12-24,
2345,2021-12-27,36302.38
2346,2021-12-28,36398.21
2347,2021-12-29,36488.63
2348,2021-12-30,36398.08
2349,2021-12-31,36338.3
2350,2022-01-03,36585.06
2351,2022-01-04,36799.65
2352,2022-01-05,36407.11
2353,2022-01-06,36236.47
2354,2022-01-07,36231.66
2355,2022-01-10,36068.87
2356,2022-01-11,36252.02
2357,2022-01-12,36290.32
2358,2022-01-13,36113.62
2359,2022-01-14,35911.81
2360,2022-01-17,
2361,2022-01-18,35368.47
2362,2022-01-19,35028.65
2363,2022-01-20,34715.39
2364,2022-01-21,34265.37
2365,2022-01-24,34364.5
2366,2022-01-25,34297.73
2367,2022-01-26,34168.09
2368,2022-01-27,34160.78
2369,2022-01-28,34725.47
2370,2022-01-31,35131.86
2371,2022-02-01,35405.24
2372,2022-02-02,35629.33
2373,2022-02-03,35111.16
2374,2022-02-04,35089.74
2375,2022-02-07,35091.13
2376,2022-02-08,35462.78
2377,2022-02-09,35768.06
2378,2022-02-10,35241.59
2379,2022-02-11,34738.06
2380,2022-02-14,34566.17
2381,2022-02-15,34988.84
2382,2022-02-16,34934.27
2383,2022-02-17,34312.03
2384,2022-02-18,34079.18
2385,2022-02-21,
2386,2022-02-22,33596.61
2387,2022-02-23,33131.76
2388,2022-02-24,33223.83
2389,2022-02-25,34058.75
2390,2022-02-28,33892.6
2391,2022-03-01,33294.95
2392,2022-03-02,33891.35
2393,2022-03-03,33794.66
2394,2022-03-04,33614.8
2395,2022-03-07,32817.38
2396,2022-03-08,32632.64
2397,2022-03-09,33286.25
2398,2022-03-10,33174.07
2399,2022-03-11,32944.19
2400,2022-03-14,32945.24
2401,2022-03-15,33544.34
2402,2022-03-16,34063.1
2403,2022-03-17,34480.76
2404,2022-03-18,34754.93
2405,2022-03-21,34552.99
2406,2022-03-22,34807.46
2407,2022-03-23,34358.5
2408,2022-03-24,34707.94
2409,2022-03-25,34861.24
2410,2022-03-28,34955.89
2411,2022-03-29,35294.19
2412,2022-03-30,35228.81
2413,2022-03-31,34678.35
2414,2022-04-01,34818.27
2415,2022-04-04,34921.88
2416,2022-04-05,34641.18
2417,2022-04-06,34496.51
2418,2022-04-07,34583.57
2419,2022-04-08,34721.12
2420,2022-04-11,34308.08
2421,2022-04-12,34220.36
2422,2022-04-13,34564.59
2423,2022-04-14,34451.23
2424,2022-04-15,
2425,2022-04-18,34411.69
2426,2022-04-19,34911.2
2427,2022-04-20,35160.79
2428,2022-04-21,34792.76
2429,2022-04-22,33811.4
2430,2022-04-25,34049.46
2431,2022-04-26,33240.18
2432,2022-04-27,33301.93
2433,2022-04-28,33916.39
2434,2022-04-29,32977.21
2435,2022-05-02,33061.5
2436,2022-05-03,33128.79
2437,2022-05-04,34061.06
2438,2022-05-05,32997.97
2439,2022-05-06,32899.37
2440,2022-05-09,32245.7
2441,2022-05-10,32160.74
2442,2022-05-11,31834.11
2443,2022-05-12,31730.3
2444,2022-05-13,32196.66
2445,2022-05-16,32223.42
2446,2022-05-17,32654.59
2447,2022-05-18,31490.07
2448,2022-05-19,31253.13
2449,2022-05-20,31261.9
2450,2022-05-23,31880.24
2451,2022-05-24,31928.62
2452,2022-05-25,32120.28
2453,2022-05-26,32637.19
2454,2022-05-27,33212.96
2455,2022-05-30,
2456,2022-05-31,32990.12
2457,2022-06-01,32813.23
2458,2022-06-02,33248.28
2459,2022-06-03,32899.7
2460,2022-06-06,32915.78
2461,2022-06-07,33180.14
2462,2022-06-08,32910.9
2463,2022-06-09,32272.79
2464,2022-06-10,31392.79
2465,2022-06-13,30516.74
2466,2022-06-14,30364.83
2467,2022-06-15,30668.53
2468,2022-06-16,29927.07
2469,2022-06-17,29888.78
2470,2022-06-20,
2471,2022-06-21,30530.25
2472,2022-06-22,30483.13
2473,2022-06-23,30677.36
2474,2022-06-24,31500.68
2475,2022-06-27,31438.26
2476,2022-06-28,30946.99
2477,2022-06-29,31029.31
2478,2022-06-30,30775.43
2479,2022-07-01,31097.26
2480,2022-07-04,
2481,2022-07-05,30967.82
2482,2022-07-06,31037.68
2483,2022-07-07,31384.55
2484,2022-07-08,31338.15
2485,2022-07-11,31173.84
2486,2022-07-12,30981.33
2487,2022-07-13,30772.79
2488,2022-07-14,30630.17
2489,2022-07-15,31288.26
2490,2022-07-18,31072.61
2491,2022-07-19,31827.05
2492,2022-07-20,31874.84
2493,2022-07-21,32036.9
2494,2022-07-22,31899.29
2495,2022-07-25,31990.04
2496,2022-07-26,31761.54
2497,2022-07-27,32197.59
2498,2022-07-28,32529.63
2499,2022-07-29,32845.13
2500,2022-08-01,32798.4
2501,2022-08-02,32396.17
2502,2022-08-03,32812.5
2503,2022-08-04,32726.82
2504,2022-08-05,32803.47
2505,2022-08-08,32832.54
2506,2022-08-09,32774.41
2507,2022-08-10,33309.51
2508,2022-08-11,33336.67
2509,2022-08-12,33761.05
2510,2022-08-15,33912.44
2511,2022-08-16,34152.01
2512,2022-08-17,33980.32
2513,2022-08-18,33999.04
2514,2022-08-19,33706.74
2515,2022-08-22,33063.61
2516,2022-08-23,32909.59
2517,2022-08-24,32969.23
2518,2022-08-25,33291.78
2519,2022-08-26,32283.4
2520,2022-08-29,32098.99
2521,2022-08-30,31790.87
2522,2022-08-31,31510.43
2523,2022-09-01,31656.42
2524,2022-09-02,31318.44
2525,2022-09-05,
2526,2022-09-06,31145.3
2527,2022-09-07,31581.28
2528,2022-09-08,31774.52
2529,2022-09-09,32151.71
2530,2022-09-12,32381.34
2531,2022-09-13,31104.97
2532,2022-09-14,31135.09
2533,2022-09-15,30961.82
2534,2022-09-16,30822.42
2535,2022-09-19,31019.68
2536,2022-09-20,30706.23
2537,2022-09-21,30183.78
2538,2022-09-22,30076.68
2539,2022-09-23,29590.41
2540,2022-09-26,29260.81
2541,2022-09-27,29134.99
2542,2022-09-28,29683.74
2543,2022-09-29,29225.61
2544,2022-09-30,28725.51
2545,2022-10-03,29490.89
2546,2022-10-04,30316.32
2547,2022-10-05,30273.87
2548,2022-10-06,29926.94
2549,2022-10-07,29296.79
2550,2022-10-10,29202.88
2551,2022-10-11,29239.19
2552,2022-10-12,29210.85
2553,2022-10-13,30038.72
2554,2022-10-14,29634.83
2555,2022-10-17,30185.82
2556,2022-10-18,30523.8
2557,2022-10-19,30423.81
2558,2022-10-20,30333.59
2559,2022-10-21,31082.56
2560,2022-10-24,31499.62
2561,2022-10-25,31836.74
2562,2022-10-26,31839.11
2563,2022-10-27,32033.28
2564,2022-10-28,32861.8
2565,2022-10-31,32732.95
2566,2022-11-01,32653.2
2567,2022-11-02,32147.76
2568,2022-11-03,32001.25
2569,2022-11-04,32403.22
2570,2022-11-07,32827.0
2571,2022-11-08,33160.83
2572,2022-11-09,32513.94
2573,2022-11-10,33715.37
2574,2022-11-11,33747.86
2575,2022-11-14,33536.7
2576,2022-11-15,33592.92
2577,2022-11-16,33553.83
2578,2022-11-17,33546.32
2579,2022-11-18,33745.69
2580,2022-11-21,33700.28
2581,2022-11-22,34098.1
2582,2022-11-23,34194.06
2583,2022-11-24,
2584,2022-11-25,34347.03
2585,2022-11-28,33849.46
2586,2022-11-29,33852.53
2587,2022-11-30,34589.77
2588,2022-12-01,34395.01
2589,2022-12-02,34429.88
2590,2022-12-05,33947.1
2591,2022-12-06,33596.34
2592,2022-12-07,33597.92
2593,2022-12-08,33781.48
2594,2022-12-09,33476.46
2595,2022-12-12,34005.04
2596,2022-12-13,34108.64
2597,2022-12-14,33966.35
2598,2022-12-15,33202.22
2599,2022-12-16,32920.46
2600,2022-12-19,32757.54
2601,2022-12-20,32849.74
2602,2022-12-21,33376.48
2603,2022-12-22,33027.49
2604,2022-12-23,33203.93
2605,2022-12-26,
2606,2022-12-27,33241.56
2607,2022-12-28,32875.71
2608,2022-12-29,33220.8
2609,2022-12-30,33147.25
